flag,t090C,c0S/m,prdM,timeM
0,2.7922427233481244,0.0001271029401137183,-0.1710701780746914,0
0,2.5990161379077676,0.00012712772063464613,-0.1703233839496287,5
0,2.42808689921344,0.00012415347898738144,-0.1717521472168925,10
0,2.2791881836345737,0.00012117641353239811,-0.17098714065600595,15
0,2.112561921724989,0.00012419394069765503,-0.17040741246445784,20
0,1.995166695790715,0.00012420899502152473,-0.1707187951975861,25
0,1.7668695407664358,0.0001242382710405906,-0.1701271171573059,30
0,1.598764523674788,0.00012425982823868222,-0.17151486994848974,35
0,1.4793589040638153,0.00012127897269048664,-0.17091123870630795,40
0,1.2528410252675144,0.00012430418835515072,-0.17228303899177544,45
0,1.1232853991292017,0.00012132463084755592,-0.17146112164448302,50
0,0.9816207164743673,0.00012134279609200103,-0.17083871001469722,55
0,0.8329023417613257,0.0001213618658155086,-0.17130347087574255,60
0,0.685574555057201,0.00012437693304755877,-0.16936650393050864,65
0,-0.30812292683975784,0.00012450436268685564,-0.1676347391282315,70
0,-2.5648633199523374,0.00012179755655738102,-0.17027354393040273,75
0,-3.2451337368844406,0.00012188478780834646,-0.172619147694788,80
0,-3.4366851314994164,0.00012190935054759614,-0.17461829329147052,85
0,-3.7375709085553126,0.00012194793341479771,-0.17260642803959841,90
0,-4.092069101889649,0.0001219933910998674,-0.17452210350849245,95
0,-4.24951143567705,0.00012201358014687608,-0.1741963701934014,100
0,-4.3556699766737665,0.00012202719302645951,-0.17298076077863975,105
0,-4.458216570540969,0.00011904411940011701,-0.17224611750854607,110
0,-4.579868895212712,0.00012205594241749736,-0.17257576348160253,115
0,-4.6018932932358325,0.00012205876667226867,-0.1701416929796383,120
0,-4.600961562097098,0.00011906242239321444,-0.17124229902203336,125
0,-4.347527246743766,0.00011902992668734073,-0.16960482981366642,130
0,-4.793176611780439,0.00012208329532558114,-0.16578074117879446,135
0,-4.948557870587592,0.00011910699185765882,-0.16577095908304193,140
0,-5.0717970577553615,0.00011912279384648764,-0.1638463506128486,145
0,-4.844039089426246,0.00011909359029598068,-0.16328854585926114,150
0,-4.80758280640606,0.0001190889158223485,-0.16191662669140144,155
0,-1.6158449536971488,2.7341366370758857,55.58237651315135,160
0,-1.6463187907695555,2.7342519174412967,73.40436022444912,165
0,-1.651211882650955,2.7357270837482654,73.40984674033822,170
0,-1.6581076744445226,2.7375336982387446,73.40477325037606,175
0,-1.6605189210389994,2.7361627938059905,73.40914454844639,180
0,-1.6685316023416021,2.7347283131443793,73.40569194707794,185
0,-1.6784409905853863,2.733636705154529,73.40678477264455,190
0,-1.674674665707414,2.7331663602926674,73.41133019753476,195
0,-1.6643559170303774,2.7338223839473445,73.40914454844639,200
0,-1.6895321049567542,2.732870392799719,73.41006324939765,205
0,-1.6877348958466882,2.7323130306702237,73.40586607488033,210
0,-1.6957023778488746,2.7319763974064366,73.4080517239155,215
0,-1.6999051690244186,2.731500427230981,73.40914454844639,220
0,-1.6991595793924716,2.7311637492447387,73.41023737298613,225
0,-1.6986512062889005,2.731111502341132,73.40477325037606,230
0,-1.7037004509667213,2.7310070703830522,73.40914454844639,235
0,-1.7031583135840264,2.730844543866187,73.41133019753476,240
0,-1.702480620411336,2.7309199934471424,73.41023737298613,245
0,-1.7004135090562613,2.7311231300823104,73.41334172623055,250
0,-1.702955008134154,2.7309954551018442,73.41115607499975,255
0,-1.6918038087707714,2.731157875037763,73.40695889939349,260
0,-1.6914647654971872,2.7318718657445786,73.41023737298613,265
0,-1.6914647654971872,2.7317209337714296,73.40695889939349,270
0,-1.6899050896243466,2.731819605129985,73.40914454844639,275
0,-1.6906849433356683,2.7318892745872007,73.41334172623055,280
0,-1.6909900948951417,2.7319589380208446,73.40897042380443,285
0,-1.6902102535297558,2.7318660491922934,73.41133019753476,290
0,-1.7034632677381296,2.7309722422876183,73.41133019753476,295
0,-1.7007862832257956,2.7309199784561753,73.41351584665858,300
0,-1.689091295590174,2.7315467652141487,73.41115607499975,305
0,-1.68603926193623,2.7318485951793514,73.41242302209224,310
0,-1.68746360444419,2.7318950496099696,73.41351584665858,315
0,-1.7072917260215945,2.7307517149807916,73.41351584665858,320
0,-1.7032599655048557,2.7307168514594364,73.41133019753476,325
0,-1.7004812867142504,2.7307806718729814,73.41133019753476,330
0,-1.7004812867142504,2.730972215252304,73.4146086712338,335
0,-1.7051573696273294,2.73079232405878,73.41115607499975,340
0,-1.7034632677381296,2.7306994410872214,73.41242302209224,345
0,-1.7044119831408011,2.7307691004441263,73.41242302209224,350
0,-1.7039376312766307,2.73072266284978,73.4146086712338,355
0,-1.7002101746523408,2.7311289330267874,73.4146086712338,360
0,-1.7160299585332268,2.730043714902929,73.41023737298613,365
0,-1.7181969689597735,2.72970132754192,73.41242302209224,370
0,-1.7160638199450204,2.729620059960963,73.41023737298613,375
0,-1.71972050228851,2.729504029363458,73.41369053641769,380
0,-1.7220563528328512,2.7293531682089025,73.41242302209224,385
0,-1.7209730950294783,2.7291674600623334,73.41041206590567,390
0,-1.7234441879163,2.7289469737006753,73.41133019753476,395
0,-1.7216839898305806,2.7289353516577383,73.41133019753476,400
0,-1.725542675542556,2.7287613071935692,73.41570149581787,405
0,-1.7301450094953452,2.728581469560027,73.41351584665858,410
0,-1.7305172090547103,2.728401596542148,73.41041206590567,415
0,-1.729637453056739,2.7284131933566895,73.4115048894008,420
0,-1.7301111728153273,2.7283493718367584,73.41133019753476,425
0,-1.7282162239087597,2.728349353889281,73.41041206590567,430
0,-1.7278778205673575,2.7285408297567683,73.40914454844639,435
0,-1.7271333122989176,2.7285292181786937,73.41041206590567,440
0,-1.7302126826771768,2.728459617585706,73.41023737298613,445
0,-1.7328855832938643,2.7282391543712032,73.4115048894008,450
0,-1.7277424575669897,2.7280708426256557,73.4093192424194,455
0,-1.7207699774126581,2.7287844718577165,73.41041206590567,460
0,-1.7210069477574734,2.7290630069775865,73.4080517239155,465
0,-1.7221917557771462,2.729004989366759,73.4080517239155,470
0,-1.7249334607386686,2.7289760008672834,73.40822641894201,475
0,-1.7276070936158021,2.72884256270876,73.41041206590567,480
0,-1.720092903228931,2.7288715061239896,73.41041206590567,485
0,-1.719212671227524,2.7290978076820886,73.40822641894201,490
0,-1.7180953957888505,2.729242871919945,73.4093192424194,495
0,-1.7184678281317928,2.7293125118403827,73.40822641894201,500
0,-1.7177906730640302,2.729225458520404,73.40368042588065,505
0,-1.7191449594082541,2.729219670491952,73.41259771290482,510
0,-1.719923630966207,2.729225479314896,73.40695889939349,515
0,-1.7179261059810073,2.7292544760814365,73.4080517239155,520
0,-1.7180615379462551,2.729283491473214,73.40368042588065,525
0,-1.7188063967438438,2.72934733332888,73.40713359547345,530
0,-1.7077659953469606,2.729521324680791,73.40350629597127,535
0,-1.7071900953621934,2.730467310174289,73.40385512512105,540
0,-1.713761108409301,2.7301945879575373,73.40057665484841,545
0,-1.713761108409301,2.730090121143154,73.4025876013941,550
0,-1.7155558925213085,2.7299450463276673,73.40057665484841,555
0,-1.7132192539447146,2.7299798477439467,73.40695889939349,560
0,-1.7146077255137015,2.7298463774044084,73.40149477691641,565
0,-1.714878635132834,2.729875397534908,73.40149477691641,570
0,-1.7153527178036824,2.729805761398297,73.40713359547345,575
0,-1.7099000629026477,2.730362863411136,73.4004019524476,580
0,-1.6942786440201302,2.7313900814577367,73.39930912798763,585
0,-1.6905832250756134,2.7319705414672213,73.39712347909433,590
0,-1.6894981969017521,2.7319182865943907,73.40368042588065,595
0,-1.6999729484700196,2.731628133077951,73.4025876013941,600
0,-1.6970921118248156,2.7312798194334116,73.40149477691641,605
0,-1.6975327382617706,2.7312043645255546,73.40477325037606,610
0,-1.7019045624792852,2.7312334277922447,73.4025876013941,615
0,-1.703564918050688,2.7309316108764614,73.40477325037606,620
0,-1.707596614784734,2.7307749327527895,73.40586607488033,625
0,-1.711288773600927,2.730473151887009,73.40149477691641,630
0,-1.7111532940350571,2.7303048371146827,73.40385512512105,635
0,-1.7092903534263541,2.730322230704413,73.40149477691641,640
0,-1.7048185611615167,2.7304614828135896,73.39930912798763,645
0,-1.7038359829297746,2.730647203715063,73.39930912798763,650
0,-1.6980750338952361,2.7309199491438827,73.39839100804434,655
0,-1.7002440638685811,2.731471403837248,73.39930912798763,660
0,-1.6987528819822728,2.7314771943906524,73.39821630353656,665
0,-1.697464950234746,2.7312217756433963,73.39712347909433,670
0,-1.7045136284500017,2.7309200096065442,73.39930912798763,675
0,-1.7093919730118045,2.730391877718966,73.39821630353656,680
0,-1.7085112521373844,2.7302873984463427,73.39476369189926,685
0,-1.7104758819205017,2.7300552665939874,73.39603065466099,690
0,-1.7151495409441395,2.729921827079681,73.39620536127572,695
0,-1.7194496607211817,2.729747762840146,73.39821630353656,700
0,-1.7223271577702235,2.729329954346952,73.3972981846556,705
0,-1.720702271064681,2.7292428931485046,73.3972981846556,710
0,-1.7297051280208961,2.728929619890071,73.39620536127572,715
0,-1.733528377509515,2.728157925671814,73.39712347909433,720
0,-1.7645599699935132,2.726446771571461,73.3972981846556,725
0,-1.776648082781719,2.7244806644727344,73.39511253790472,730
0,-1.7904827003578702,2.723790711000103,73.39419499259661,735
0,-1.7771544024474792,2.724434274842083,73.39419499259661,740
0,-1.785152487646485,2.7243183648462405,73.3918340678449,745
0,-1.7912584944466516,2.7236051612025105,73.39528781490529,750
0,-1.784410189147593,2.7237268687776055,73.39528781490529,755
0,-1.7856585838616183,2.723790665994428,73.39419499259661,760
0,-1.7970928141418198,2.7228572351151183,73.39528781490529,765
0,-1.7928774423521645,2.722973156221578,73.39310217029681,770
0,-1.798913569481158,2.7226833137504016,73.39419499259661,775
0,-1.7998913115119421,2.7226543338760787,73.39528781490529,780
0,-1.7977671880369712,2.7228804331716842,73.39419499259661,785
0,-1.7954404983195786,2.722926796126016,73.39546366123953,790
0,-1.7926076271492093,2.723060125646332,73.39310217029681,795
0,-1.7967893381867838,2.7230079807900953,73.39091652572381,800
0,-1.759391507140947,2.725344646151286,73.39091652572381,805
0,-1.7667890750357173,2.72706170358749,73.38728805951334,810
0,-1.7655732315282648,2.72735756589723,73.38964842118265,815
0,-1.7853886675347325,2.7251592926074175,73.39200934800585,820
0,-1.751416518150677,2.725721578676599,73.38982370345059,825
0,-1.7693893716785282,2.725054746161058,73.38763805893079,830
0,-1.7379935139321673,2.726307302053448,73.38654523668417,835
0,-1.739481662857827,2.728070946607796,73.3874627745559,840
0,-1.747529204244131,2.7275314452826142,73.3874627745559,845
0,-1.7621617053869158,2.727003646912115,73.3852771279646,850
0,-1.7318029340431735,2.7277401619996864,73.3874627745559,855
0,-1.7387037811640198,2.7281695764463895,73.38964842118265,860
0,-1.723308793771082,2.7285988055242844,73.38400958647928,865
0,-1.7277424575669897,2.729463474090815,73.38418430468226,870
0,-1.7137272429515633,2.7296084243288274,73.38291676215232,875
0,-1.7217516927297538,2.7298290291267615,73.38400958647928,880
0,-1.718670970012795,2.7297535552812246,73.38400958647928,885
0,-1.7236472773507785,2.729469238445173,73.38199865814415,890
0,-1.7341034910025996,2.728929658146082,73.3852771279646,895
0,-1.7196189371468335,2.728836679054363,73.38636995125583,900
0,-1.7249673065106776,2.729422825195861,73.38182393783421,905
0,-1.7146415894243887,2.7297419098914606,73.38073111352499,910
0,-1.7031583135840264,2.731274065593204,73.3787201884035,915
0,-1.6546091326559917,2.7345191133912267,73.37618566013033,920
0,-1.678237424268616,2.733747019400011,73.37618566013033,925
0,-1.7003457311599845,2.7331898170721973,73.3805569614925,930
0,-1.7044119831408011,2.7311405708069744,73.37417416785582,935
0,-1.721988651003926,2.7301656394251043,73.37526699211187,940
0,-1.7200590488953366,2.729736154548491,73.37089569514094,945
0,-1.7229703042463597,2.7295736880896655,73.3721632491616,950
0,-1.7212100628768212,2.7294111814937403,73.37325607234643,955
0,-1.7244934602918533,2.7290456223958617,73.37544171874266,960
0,-1.7240872971169096,2.7292429193218774,73.37635981637675,965
0,-1.7209053893950567,2.7292544945116312,73.37198851937036,970
0,-1.7205668576551147,2.7295272391335503,73.37107042598565,975
0,-1.7154543054301712,2.729724504663536,73.37089569514094,980
0,-1.7058349686925566,2.7313147197399687,73.36560631023889,985
0,-1.6896677365799632,2.7350479111405845,73.363071756895,990
0,-1.653929730542643,2.734519102738418,73.35979328128564,995
0,-1.6602132867526506,2.735878168058391,73.35979328128564,1000
0,-1.6645256779725628,2.7329398169052576,73.36106027747506,1005
0,-1.652706746403112,2.7356980432161792,73.35668898096519,1010
0,-1.600283371251237,2.739200674426403,73.35760763092376,1015
0,-1.60099873022466,2.7396306972043014,73.35524837366425,1020
0,-1.5649252183583826,2.742187732558563,73.36071250481429,1025
0,-1.5555036312637185,2.7440306619704007,73.35726099059978,1030
0,-1.575843040078837,2.7425133811805526,73.35634119987652,1035
0,-1.576320553714254,2.7426412836714755,73.35835381788325,1040
0,-1.5505861933093001,2.744373687718442,73.35288968155447,1045
0,-1.5407133847438103,2.7451528363642614,73.35053155459299,1050
0,-1.5593274387961742,2.746089374656441,73.35507533605938,1055
0,-1.5380478852293322,2.745908871436858,73.35288968155447,1060
0,-1.5390047735809844,2.7447980808668917,73.3517968543153,1065
0,-1.5308697094219496,2.7465602401519424,73.35271721116942,1070
0,-1.578435114868853,2.7440134320210934,73.35162438287678,1075
0,-1.5707943156240276,2.743711006630948,73.35944664517562,1080
0,-1.5592250252587973,2.743443438919024,73.35616816332513,1085
0,-1.5094218234705181,2.747188263094085,73.3517968543153,1090
0,-1.5079842706377917,2.7489277804996534,73.35381003947097,1095
0,-1.5174975102388543,2.748287862092178,73.3559956961006,1100
0,-1.523825664997787,2.7483751902790496,73.348345898052,1105
0,-1.5021987491487607,2.7490790071265314,73.34725306979482,1110
0,-1.4501881830173601,2.75314685481905,73.34616024154648,1115
0,-1.3863637477579686,2.7591335014703824,73.35018831758413,1120
0,-1.443595431865333,2.756023332607617,73.35346680878312,1125
0,-1.4381684576865723,2.751976649738311,73.35473096882883,1130
0,-1.4660084652296063,2.752762776156749,73.35582379820158,1135
0,-1.4808560620095363,2.751167991871294,73.36019511578126,1140
0,-1.543173519008235,2.746519642596497,73.36473832297385,1145
0,-1.511509507110759,2.7478107464515324,73.36364549458365,1150
0,-1.5580984404617766,2.744135353627096,73.36709643647037,1155
0,-1.508052727963161,2.7459144087070837,73.36508380989387,1160
0,-1.4985005841530778,2.749666681487577,73.36364549458365,1165
0,-1.52262860570454,2.7498182071433437,73.36565926295537,1170
0,-1.5336387507803692,2.7464206719072,73.3680168081976,1175
0,-1.5400299584369463,2.7459263428230884,73.36928209120584,1180
0,-1.5971831757113364,2.7439322058854927,73.36053947247684,1185
0,-1.624998967040483,2.7417406945774534,73.3681892638337,1190
0,-1.6322442306998255,2.7379110770274795,73.36836228879667,1195
0,-1.615504572016846,2.7387011011887216,73.36399098361067,1200
0,-1.569463688483097,2.743362140748564,73.37146774597676,1205
0,-1.5729777099896296,2.7437168441450383,73.36928209120584,1210
0,-1.53316017944735,2.745129509282845,73.37365340078312,1215
0,-1.5228680235046,2.7470255167588924,73.37238812195342,1220
0,-1.4999046006192315,2.74895680222027,73.37348095041452,1225
0,-1.4810274456248748,2.75318208351965,73.37238812195342,1230
0,-1.4396799202394277,2.756675625959245,73.37112341035113,1235
0,-1.4009629357119593,2.761855126611634,73.36531719409176,1240
0,-1.3976240007964975,2.7568150212607096,73.37423058822979,1245
0,-1.296736706213494,2.7663260638919382,73.37423058822979,1250
0,-1.2427463237954157,2.7710919495817054,73.37279684218286,1255
0,-1.202728098759053,2.7757500672898514,73.37918424098721,1260
0,-1.1862381779949373,2.7766609330952385,73.37573670839387,1265
0,-1.189544247190156,2.7765908809357613,73.3722897388768,1270
0,-1.1957720416538677,2.7769355202370995,73.37447541057486,1275
0,-1.2080825574643654,2.7743604375873403,73.37901521287344,1280
0,-1.206309491891318,2.7750143557602875,73.37884675407734,1285
0,-1.2088125960186744,2.774739952512949,73.37556824643717,1290
0,-1.2207326576358923,2.774664162151354,73.37447541057486,1295
0,-1.2219833166589637,2.7740803287198834,73.37682954321151,1300
0,-1.2325412114100231,2.7734090629992405,73.37809140720533,1305
0,-1.2327495328834174,2.773099673210636,73.37884675407734,1310
0,-1.2344160238380936,2.7728545199472463,73.38010804771771,1315
0,-1.237158477365199,2.772124922541197,73.37918424098721,1320
0,-1.2364989354763338,2.772737795503428,73.38120088257082,1325
0,-1.2317079030610216,2.77282530677475,73.37573670839387,1330
0,-1.2287910408643938,2.7731521730188415,73.37901521287344,1335
0,-1.229555023513683,2.7732689312726446,73.37901521287344,1340
0,-1.2271935250047931,2.773187183246195,73.38010804771771,1345
0,-1.2270893346010893,2.773385660103533,73.37682954321151,1350
0,-1.2194124297554367,2.773788399922533,73.38229371743283,1355
0,-1.2375750185406104,2.7738761426981786,73.38120088257082,1360
0,-1.1725903096482284,2.7790089535487197,73.37682954321151,1365
0,-1.1833492546934394,2.777174865899265,73.37775391818842,1370
0,-1.200258985054063,2.7752712170530023,73.37901521287344,1375
0,-1.2306662170964841,2.7744015219360705,73.38103242588178,1380
0,-1.198624327826451,2.774383702148792,73.38120088257082,1385
0,-1.2070395974124608,2.774541422114225,73.38010804771771,1390
0,-1.2007110998832217,2.7750493375761666,73.38321809772171,1395
0,-1.1909709024091057,2.775679881663916,73.38010804771771,1400
0,-1.175933535690092,2.777385062702309,73.38103242588178,1405
0,-1.1907621301729705,2.777087327696163,73.37993958997512,1410
0,-1.2082563786685796,2.77652097914433,73.38103242588178,1415
0,-1.1899618157135023,2.7763864828887716,73.37993958997512,1420
0,-1.1923974523490414,2.7784191167238834,73.38540376959709,1425
0,-1.1796939740630705,2.7781093943521613,73.37884675407734,1430
0,-1.1755156640500104,2.7779574813313465,73.38321809772171,1435
0,-1.1907621301729705,2.775703239098294,73.385572222072,1440
0,-1.2324023291802746,2.775335756116738,73.38851439747867,1445
0,-1.2283395823762362,2.771599555185143,73.38229371743283,1450
0,-1.256310085182804,2.772236003340437,73.382462742386,1455
0,-1.2121148069282412,2.772019626701774,73.38574124386461,1460
0,-1.1671911720430898,2.7762519482579786,73.38540376959709,1465
0,-1.1827923041807935,2.776538258359778,73.38431093365496,1470
0,-1.1946588401920053,2.776713577922378,73.3844793871834,1475
0,-1.2188217722961098,2.7739460226193797,73.3844793871834,1480
0,-1.2861099644434261,2.771512560269525,73.38464841002955,1485
0,-1.428547285879631,2.7622109487743103,73.38355557620335,1490
0,-1.4611711001597882,2.7556507750468264,73.38515889448734,1495
0,-1.4646705919237206,2.7535254292647635,73.38314453540207,1500
0,-1.4686839336606,2.7525124873758777,73.38314453540207,1505
0,-1.437618805597026,2.7537056623642577,73.38423736500535,1510
0,-1.4138313648421672,2.756768579736866,73.38533019461748,1515
0,-1.3722705737944238,2.7584983132088347,73.38188040251697,1520
0,-1.3950075246006577,2.75972209328443,73.38170966854928,1525
0,-1.3864670826824294,2.759984232512281,73.38608099540821,1530
0,-1.3624785506410717,2.760112203837147,73.38170966854928,1535
0,-1.272567111990952,2.766448313804803,73.38389533196101,1540
0,-1.2548535645649394,2.769172305597712,73.38027707477793,1545
0,-1.2249012063685995,2.77274936038005,73.38355557620335,1550
0,-1.223164420322064,2.773397299662499,73.38229371743283,1555
0,-1.2804653766042406,2.771074802900699,73.38431093365496,1560
0,-1.3161750887965695,2.767551105092622,73.38574124386461,1565
0,-1.3227769210243991,2.7656264863641326,73.38136990857754,1570
0,-1.3241937741566403,2.765084180736239,73.3848180021947,1575
0,-1.3322436739472891,2.7645478069890492,73.38372516942202,1580
0,-1.3403247476148294,2.7638832060148304,73.38372516942202,1585
0,-1.3474705724461273,2.7633644006282787,73.38591083497624,1590
0,-1.350611137297392,2.7631837075933147,73.38591083497624,1595
0,-1.3785431340753575,2.7623795177065893,73.38717382714509,1600
0,-1.38471031375542,2.760788411757478,73.38809650056595,1605
0,-1.3945255034692536,2.760001789970436,73.38498816368017,1610
0,-1.3836423957132524,2.759652063584532,73.38608099540821,1615
0,-1.3760274617516756,2.7606776011387666,73.38498816368017,1620
0,-1.3814719286691001,2.7606601688612193,73.3828025002507,1625
0,-1.3797836189545478,2.7603338076255466,73.38170966854928,1630
0,-1.3748212012451972,2.760036567639849,73.38734455584524,1635
0,-1.3641683738829328,2.760834839699535,73.38608099540821,1640
0,-1.356545755502907,2.7615341424001496,73.38389533196101,1645
0,-1.349023662848026,2.761965385234809,73.3828025002507,1650
0,-1.3199083391886574,2.7633699699796117,73.38717382714509,1655
0,-1.2874602655538751,2.7663843000457624,73.3826323366582,1660
0,-1.278352560730582,2.768058244324305,73.3826323366582,1665
0,-1.2645269659826681,2.7692074054730455,73.38683407770854,1670
0,-1.2562754073962878,2.7700416947174284,73.38464841002955,1675
0,-1.2355616530191468,2.771552934191096,73.38464841002955,1680
0,-1.2279575708032553,2.772142346480211,73.38355557620335,1685
0,-1.233305045834868,2.772550978055472,73.38229371743283,1690
0,-1.2455222926997748,2.771996596464428,73.38229371743283,1695
0,-1.2429892369939352,2.7716347126613603,73.38464841002955,1700
0,-1.2276102810027964,2.7723116091710724,73.38120088257082,1705
0,-1.2102725904155136,2.774337106370394,73.385572222072,1710
0,-1.1878042812504645,2.775907595444481,73.38229371743283,1715
0,-1.1833840635677006,2.7766667485344363,73.3844793871834,1720
0,-1.1449866144898237,2.7788626415329256,73.38212526179731,1725
0,-1.1186008223589851,2.7811761701849455,73.38305021245607,1730
0,-1.1203819491297508,2.781994361839272,73.38431093365496,1735
0,-1.0978088808278698,2.7831631223124744,73.38305021245607,1740
0,-1.134764647241468,2.782339327660583,73.38397573454578,1745
0,-1.1663898812086586,2.779972903462483,73.38523588643852,1750
0,-1.1677834091424301,2.7791315946005084,73.38414304944285,1755
0,-1.1630798497678256,2.7793827688752537,73.38758944150793,1760
0,-1.1623480821236853,2.7798735376294643,73.38632872344303,1765
0,-1.1724858245183327,2.778921324569553,73.38742156045641,1770
0,-1.1445680734712482,2.7800194386158123,73.38523588643852,1775
0,-1.1409752237531734,2.7800953619228004,73.38414304944285,1780
0,-1.0927735204437567,2.7839697748317205,73.38523588643852,1785
0,-1.0972144967985855,2.784741524313921,73.38397573454578,1790
0,-1.105289565047599,2.7845018963383174,73.38616141065306,1795
0,-1.1131516513837027,2.784069351733264,73.38725424871998,1800
0,-1.1375910557821384,2.782631594639074,73.38288289650545,1805
0,-1.1536692969191335,2.780691486176229,73.38414304944285,1810
0,-1.1418822196808378,2.7804576408765222,73.38195737547814,1815
0,-1.1317284148908584,2.78156199453072,73.38195737547814,1820
0,-1.140591481899662,2.781375070868952,73.38305021245607,1825
0,-1.1267717010515525,2.782280805196245,73.38540376959709,1830
0,-1.1026332047503615,2.7825669685823153,73.38616141065306,1835
0,-1.0995569632910928,2.782479266444222,73.385068572595,1840
0,-1.0607123085052876,2.7854135629297265,73.38742156045641,1845
0,-1.0975991003149374,2.786372899946365,73.38725424871998,1850
0,-1.1071068645387072,2.7841686769522073,73.385068572595,1855
0,-1.0712885808235341,2.7848699036246884,73.38725424871998,1860
0,-0.9996632978772482,2.7919236267551817,73.38271614986854,1865
0,-1.0079196813998692,2.79326397614042,73.38582849301284,1870
0,-1.149415618392652,2.788964439014917,73.38708750629723,1875
0,-1.1108807102606306,2.7837361135219693,73.38943992488043,1880
0,-1.1186357479900266,2.7858877451082704,73.38708750629723,1885
0,-0.9752952209950081,2.7946158816013873,73.3847356528477,1890
0,-1.0244920802219326,2.793744115708893,73.38910701356151,1895
0,-1.0351583189112716,2.789934489528654,73.38801417336975,1900
0,-1.0589957454972136,2.7896304910463194,73.3892731845648,1905
0,-1.134764647241468,2.7875604624195467,73.39036602371186,1910
0,-1.1028079765080747,2.782771544129246,73.38851439747867,1915
0,-1.0613778735921073,2.7875948541441695,73.38834708679577,1920
0,-1.092703575652422,2.7871272630478327,73.38599466717676,1925
0,-1.0919691400725355,2.785688680436847,73.39053276297396,1930
0,-1.0921090347139852,2.7856419040125106,73.39271843918762,1935
0,-1.0974942092053083,2.7854840806771386,73.39288574565636,1940
0,-1.0971795324633717,2.7850514000945234,73.38943992488043,1945
0,-1.1143743553942044,2.7839699815730685,73.38834708679577,1950
0,-1.1344505763458414,2.7829881157338167,73.39162560107635,1955
0,-1.1211851487117883,2.782900311552219,73.39053276297396,1960
0,-1.14638168579296,2.781275782337911,73.39288574565636,1965
0,-1.152623397154514,2.7805044916717776,73.39179290859864,1970
0,-1.1533206699503466,2.7806856412448186,73.39086794944069,1975
0,-1.151891233655988,2.7810362400621207,73.39179290859864,1980
0,-1.141289188696362,2.780895892796837,73.39381127730775,1985
0,-1.1487530760387585,2.781556315843944,73.39414645745324,1990
0,-1.1153175313878023,2.783098993943142,73.39507141979841,1995
0,-1.1305766158339452,2.7831108296040914,73.39381127730775,2000
0,-1.1051148157128523,2.782444252460181,73.39179290859864,2005
0,-1.1099722591429213,2.782976192374009,73.39271843918762,2010
0,-1.1284124441877452,2.782806859197857,73.39162560107635,2015
0,-1.1408356821421534,2.7821465160420273,73.39490411543674,2020
0,-1.1176228790807272,2.7830113365035824,73.39271843918762,2025
0,-1.130681327673983,2.782871177941972,73.39616425688273,2030
0,-1.1265971457168575,2.7826139583917237,73.39507141979841,2035
0,-1.0712185583010978,2.7859808549159215,73.39490411543674,2040
0,-1.0874569953280115,2.7869576120672654,73.39271843918762,2045
0,-1.0965851290932846,2.7857822834402856,73.39583021958023,2050
0,-1.1056041098715354,2.7850339409336673,73.39288574565636,2055
0,-1.087491977242621,2.7857120275945126,73.39271843918762,2060
0,-1.0945570271687188,2.785162466226671,73.39271843918762,2065
0,-1.1140250192789835,2.784642296765676,73.39599695357461,2070
0,-1.119264398563928,2.7840869502449585,73.39507141979841,2075
0,-1.1126974844910933,2.783741978126278,73.39507141979841,2080
0,-1.1127324207844822,2.7841044264192795,73.39599695357461,2085
0,-1.1179372233846152,2.783648495736524,73.39397858272295,2090
0,-1.1174831688611561,2.78368941178001,73.39490411543674,2095
0,-1.1237342134018604,2.7834381087061093,73.39599695357461,2100
0,-1.0863725245945374,2.784817429937289,73.39599695357461,2105
0,-1.0751044250138761,2.7861036907775363,73.39288574565636,2110
0,-1.0716737001661727,2.7877528734533774,73.39490411543674,2115
0,-1.0617982186916492,2.7881739135222383,73.39473738038882,2120
0,-1.048062219455005,2.78913312133655,73.39473738038882,2125
0,-1.0511116124510522,2.7890220018165617,73.3969230587805,2130
0,-1.0543357351439795,2.789121480669294,73.3925517020326,2135
0,-1.0695379417206822,2.7884021114760915,73.39364454120627,2140
0,-1.0699931231282562,2.7882675803957992,73.39473738038882,2145
0,-1.092248928343622,2.7871155645150707,73.39599695357461,2150
0,-1.074264303755342,2.7869282453004773,73.39490411543674,2155
0,-1.1233501292628034,2.7851627410631025,73.39364454120627,2160
0,-1.0815441427807854,2.7851155676615633,73.39490411543674,2165
0,-1.080914264985097,2.786752862420065,73.39490411543674,2170
0,-1.076994564453173,2.787115419186003,73.3969230587805,2175
0,-1.0834336531144686,2.786887395535639,73.39708979172133,2180
0,-1.0685925307275852,2.787097794082234,73.39818262987693,2185
0,-1.0356844613965563,2.789536664755825,73.3969230587805,2190
0,-1.040033358027813,2.7895191556527074,73.39801589798964,2195
0,-1.0086924391432035,2.7930942450185703,73.39784973541475,2200
0,-1.00865731446072,2.7922455940142083,73.39894257568632,2205
0,-1.029054020298247,2.792222379026096,73.39784973541475,2210
0,-0.9950592737054649,2.793146793027982,73.39910873720764,2215
0,-0.9760692824516468,2.7948617759174854,73.39566405489826,2220
0,-0.9623779010374278,2.7957867091831514,73.39549845952739,2225
0,-0.9587510544818656,2.797303324823466,73.39768414215101,2230
0,-0.9689256309995358,2.797010608843653,73.39768414215101,2235
0,-1.0073225292806,2.7950786942766075,73.39751911819701,2240
0,-1.0161374327636281,2.793135287715986,73.39675689515206,2245
0,-1.0572790301667396,2.7923748132450185,73.39784973541475,2250
0,-1.066421412088289,2.7887647567203246,73.39910873720764,2255
0,-1.1900314095904605,2.779809533288151,73.39490411543674,2260
0,-1.2244843919505683,2.7771869435800802,73.39725709397591,2265
0,-1.198380856411859,2.7749091847826652,73.39742496554561,2270
0,-1.200954541949784,2.7766026759652353,73.39540773646831,2275
0,-1.19851998330995,2.7766727349819073,73.39305362144019,2280
0,-1.0269837346357917,2.784506997667851,73.391960785436,2285
0,-1.0225968042861382,2.7898232096291524,73.3925517020326,2290
0,-1.0772045685463922,2.7886361661841663,73.39583021958023,2295
0,-1.0613428444215173,2.785425266012158,73.39818262987693,2300
0,-1.0795494593951957,2.7894668796509316,73.39473738038882,2305
0,-1.0970396744901904,2.7865015506118626,73.39583021958023,2310
0,-1.1075262170960513,2.784823478571558,73.39708979172133,2315
0,-1.094871746579031,2.7838178038102317,73.39490411543674,2320
0,-1.0737742161710457,2.786466241374367,73.39708979172133,2325
0,-1.1461724315138326,2.784169051996153,73.39490411543674,2330
0,-1.1760031800852175,2.7796399639356743,73.39851780159412,2335
0,-1.092004113827727,2.781456427237725,73.39633212950595,2340
0,-1.060116783491651,2.7856825301816577,73.39381127730775,2345
0,-1.0096056585124984,2.7904081628513544,73.39381127730775,2350
0,-1.0753144496276831,2.789917323305648,73.39566405489826,2355
0,-1.0890311188562122,2.786788029349182,73.3969230587805,2360
0,-1.1244674437583626,2.7858410235228303,73.39599695357461,2365
0,-1.092388820961446,2.7868523907094946,73.39381127730775,2370
0,-1.0245973678866562,2.78764714387654,73.39364454120627,2375
0,-1.0486230634311937,2.7893378796282033,73.39490411543674,2380
0,-1.0178929101262497,2.7898582689463675,73.39599695357461,2385
0,-1.0086924391432035,2.7922631508403404,73.39583021958023,2390
0,-1.0075332909561325,2.7922689921635353,73.39566405489826,2395
0,-1.007708923932455,2.792497241490064,73.39019985376215,2400
0,-1.1014796715392094,2.788542804715905,73.39583021958023,2405
0,-1.0080250592728248,2.7897002106600434,73.39473738038882,2410
0,-0.9984684655479441,2.792444480527813,73.39347837441721,2415
0,-1.0458537382482973,2.790818090227585,73.39347837441721,2420
0,-1.039226781682089,2.789027737362974,73.39364454120627,2425
0,-0.987957791473832,2.7938374247718083,73.39019985376215,2430
0,-0.9833509815170487,2.7947389020100974,73.39347837441721,2435
0,-1.0197535422723262,2.7928075533725205,73.39347837441721,2440
0,-1.043084016620412,2.790654228371784,73.3925517020326,2445
0,-1.0644251686580901,2.7880335572575032,73.3925517020326,2450
0,-1.0548613563829576,2.788203092453118,73.39036602371186,2455
0,-1.0628840679275981,2.789115712067386,73.39162560107635,2460
0,-1.0650555835744626,2.7907597601655753,73.39129269397163,2465
0,-1.0702032032425563,2.788425515590742,73.39364454120627,2470
0,-1.0212278784298973,2.7946807206194957,73.3925517020326,2475
0,-1.0229477953170658,2.7924037465660354,73.39347837441721,2480
0,-1.0445215165763102,2.788758696431743,73.39364454120627,2485
0,-1.1084347831121022,2.7877356775537327,73.39473738038882,2490
0,-1.008060185102977,2.790928905000269,73.39364454120627,2495
0,-0.9995578744625959,2.793574125234421,73.39145886286781,2500
0,-0.9926338128868792,2.793158474026667,73.39129269397163,2505
0,-0.9994875918670232,2.794019001207012,73.39003425312351,2510
0,-1.01877058909065,2.792930454727189,73.39129269397163,2515
0,-1.0203854143804847,2.7917775240028763,73.39129269397163,2520
0,-1.0675420198770098,2.792000356412824,73.39019985376215,2525
0,-1.0638998072011531,2.782537376991714,73.39271843918762,2530
0,-1.065826062796873,2.784595064237974,73.39162560107635,2535
0,-1.1792413674245381,2.782246239213913,73.39271843918762,2540
0,-1.1712667896109678,2.7809195517157077,73.3907000715498,2545
0,-1.2069700647414265,2.7770991659060286,73.39086794944069,2550
0,-1.2066571646264492,2.7759194565927583,73.39212923158975,2555
0,-1.2018935040601945,2.776012845996443,73.38977511345423,2560
0,-1.210481152041723,2.7754990490967675,73.39431490149992,2565
0,-1.2193776856987028,2.7751079074458165,73.39212923158975,2570
0,-1.2212190346500051,2.774477336076984,73.3932220665404,2575
0,-1.2227128303850918,2.7743897720326544,73.39086794944069,2580
0,-1.218161604363047,2.7748509824729672,73.39103639664796,2585
0,-1.2081868503745454,2.7751720307203764,73.391960785436,2590
0,-1.2156249599102011,2.774967735921415,73.39086794944069,2595
0,-1.2097859378694693,2.7746874173295892,73.39103639664796,2600
0,-1.2139220940147197,2.775417330306441,73.38994356171503,2605
0,-1.1900662064350058,2.775241927870718,73.391960785436,2610
0,-1.1792413674245381,2.777145627695176,73.39305362144019,2615
0,-1.184637141302062,2.777075591487172,73.391960785436,2620
0,-1.1929193345624753,2.77673108455729,73.39305362144019,2625
0,-1.2088473590715693,2.7760537907051654,73.39086794944069,2630
0,-1.2117672323453234,2.77547570336543,73.391960785436,2635
0,-1.211906262928494,2.7753530793738252,73.38994356171503,2640
0,-1.2055445898615175,2.775265432141407,73.39414645745324,2645
0,-1.201476193197493,2.77568582472685,73.39414645745324,2650
0,-1.2074220226323291,2.776088816516966,73.3932220665404,2655
0,-1.2050925880708405,2.775609945321749,73.39103639664796,2660
0,-1.2046405757104707,2.775586583349889,73.39103639664796,2665
0,-1.1988330151696118,2.775837626995403,73.39103639664796,2670
0,-1.2000155342275888,2.776024508846951,73.39431490149992,2675
0,-1.1960851180151053,2.776152946229593,73.39086794944069,2680
0,-1.1854724813369443,2.7772040934774637,73.39305362144019,2685
0,-1.1900314095904605,2.777087324232794,73.39305362144019,2690
0,-1.1868994370671544,2.7771340189789706,73.391960785436,2695
0,-1.192988917793059,2.7770698312053734,73.39523929347517,2700
0,-1.193545574621396,2.77670188904141,73.39305362144019,2705
0,-1.1865514087959923,2.776736864608073,73.39414645745324,2710
0,-1.1950415104251988,2.7766902227086887,73.39305362144019,2715
0,-1.1966069006829798,2.7763748697758,73.39414645745324,2720
0,-1.1983112925872205,2.776328165330925,73.391960785436,2725
0,-1.201163204138254,2.7760653980915313,73.39414645745324,2730
0,-1.2047101167615892,2.77575592906269,73.391960785436,2735
0,-1.2041885527798967,2.775773443333519,73.39414645745324,2740
0,-1.2027628727561818,2.7759252601194433,73.39540773646831,2745
0,-1.2033540211365334,2.7758551893436216,73.39305362144019,2750
0,-1.2045710344091276,2.775849361584118,73.39414645745324,2755
0,-1.2039451514389725,2.7758084787289325,73.39523929347517,2760
0,-1.2036322023542425,2.7758376725676092,73.39086794944069,2765
0,-1.2018935040601945,2.7759427703202184,73.3932220665404,2770
0,-1.2048144278691666,2.775884401672866,73.39414645745324,2775
0,-1.2018239528753156,2.7759194108966336,73.39305362144019,2780
0,-1.208395434506599,2.7756333353333033,73.39431490149992,2785
0,-1.2056836652092783,2.775621631501913,73.39742496554561,2790
0,-1.2123233486780122,2.7754757086507124,73.391960785436,2795
0,-1.2122885918759607,2.775195426947764,73.39523929347517,2800
0,-1.2065180962828208,2.7755398863075045,73.391960785436,2805
0,-1.2079434993754603,2.7755924547345674,73.3932220665404,2810
0,-1.209055936076311,2.7755223920378076,73.39086794944069,2815
0,-1.2097859378694693,2.775358900484492,73.39759340643168,2820
0,-1.2146519120543644,2.775072828699715,73.3932220665404,2825
0,-1.2200725549681124,2.774634967765341,73.39431490149992,2830
0,-1.2229559955084141,2.774430645217527,73.39633212950595,2835
0,-1.2176404032247205,2.774337178931821,73.39523929347517,2840
0,-1.215416453779028,2.774302127049894,73.39431490149992,2845
0,-1.224449657009984,2.774524076410438,73.39759340643168,2850
0,-1.227436633762352,2.7740161654355266,73.39633212950595,2855
0,-1.229589749280251,2.77399283266606,73.39431490149992,2860
0,-1.2314648480244727,2.7736425686657653,73.3932220665404,2865
0,-1.2600549198870112,2.7729598387472913,73.39414645745324,2870
0,-1.2658441155762716,2.7714715159083143,73.38994356171503,2875
0,-1.2718048279171512,2.7704211343417695,73.39666958270292,2880
0,-1.2748537837919684,2.769866824119351,73.39666958270292,2885
0,-1.2859714666858508,2.7693242994539857,73.39212923158975,2890
0,-1.2724978146815146,2.769446699067671,73.39868624142669,2895
0,-1.2794263157020964,2.7695401190493234,73.39885525057698,2900
0,-1.2737451282296774,2.769785125051609,73.39683916327935,2905
0,-1.2823355454266334,2.7691842399076902,73.39885525057698,2910
0,-1.2806385479888717,2.7691083770388087,73.39885525057698,2915
0,-1.2735718950516457,2.769312514355812,73.39776241663553,2920
0,-1.28243943838703,2.769639338067571,73.39994808452731,2925
0,-1.254784203701945,2.7695982326196264,73.39994808452731,2930
0,-1.245105922783523,2.7715530282061102,73.39759340643168,2935
0,-1.2247622692280515,2.772877782669843,73.39994808452731,2940
0,-1.229068856231038,2.7737593069079653,73.40196474646484,2945
0,-1.223164420322064,2.7739110392584414,73.39977907643055,2950
0,-1.2176056559824815,2.774564882707438,73.40196474646484,2955
0,-1.2132965137616338,2.774903488259006,73.39977907643055,2960
0,-1.2237896812778785,2.774997011136691,73.40196474646484,2965
0,-1.2740569440361468,2.772779017990319,73.40196474646484,2970
0,-1.272567111990952,2.770701246099933,73.4030575814953,2975
0,-1.26702254174495,2.7698842546557953,73.39666958270292,2980
0,-1.191214467168436,2.772521398603869,73.40213375245459,2985
0,-1.1889874751281581,2.7761762405735126,73.39977907643055,2990
0,-1.182235337622501,2.777215745795904,73.3996106376515,2995
0,-1.171963390398389,2.7783721929865446,73.39868624142669,3000
0,-1.156771800048375,2.77918991685976,73.40288914587685,3005
0,-1.1468699369713135,2.779896766330565,73.40490695387649,3010
0,-1.1466955629657604,2.7802999269312374,73.40272127957486,3015
0,-1.1489274314907334,2.7802123007772366,73.39725709397591,3020
0,-1.1533206699503466,2.7799903119617224,73.40162844243733,3025
0,-1.1569112267021637,2.7798676466044063,73.39944276818889,3030
0,-1.1541225025815151,2.779768293520445,73.39834993107796,3035
0,-1.1594555865432312,2.7797216035123946,73.4003683062147,3040
0,-1.1573643563835958,2.7795521486197323,73.3996106376515,3045
0,-1.159699548662502,2.7795229591669406,73.40272127957486,3050
0,-1.1750977833777938,2.778418957077113,73.40398198196972,3055
0,-1.1712667896109678,2.7781443680467497,73.39944276818889,3060
0,-1.1755156640500104,2.7780743121946942,73.40070347371775,3065
0,-1.179798420244083,2.7781152419618857,73.39851780159412,3070
0,-1.1686194776938236,2.7780917703923213,73.3996106376515,3075
0,-1.157155220927109,2.77893286597883,73.3996106376515,3080
0,-1.2070743636541578,2.7781972822000744,73.40179630979288,3085
0,-1.229659200626088,2.7736250395679693,73.3996106376515,3090
0,-1.2286868590723543,2.774524116331941,73.39633212950595,3095
0,-1.2257348082390535,2.773613326555715,73.3996106376515,3100
0,-1.1816087310633634,2.776520730484063,73.39868624142669,3105
0,-1.1875954748133494,2.7772800445785726,73.3996106376515,3110
0,-1.1918755560461704,2.7778758649589914,73.4030575814953,3115
0,-1.1367536444669212,2.7799901537205595,73.3996106376515,3120
0,-1.108714333299531,2.783566569664193,73.39927546804138,3125
0,-1.1140250192789835,2.783712762764783,73.39834993107796,3130
0,-1.153390395846941,2.78230444139996,73.4003683062147,3135
0,-1.0977739175669967,2.7819824619165962,73.4003683062147,3140
0,-1.1224771823948458,2.783502398943585,73.39927546804138,3145
0,-1.128133178590872,2.7813808005217715,73.39944276818889,3150
0,-1.1611981055805813,2.779680721156874,73.39834993107796,3155
0,-1.125095904794989,2.780375679909757,73.39507141979841,3160
0,-1.1604314165516598,2.7804344487019863,73.39725709397591,3165
0,-1.129669089468905,2.7805159613940735,73.39834993107796,3170
0,-1.0843083639159658,2.78512144093222,73.39507141979841,3175
0,-1.1042410453547404,2.784805907071148,73.39599695357461,3180
0,-1.0934030121840692,2.7844491689928863,73.39834993107796,3185
0,-1.0656859779479646,2.7858813948828085,73.39583021958023,3190
0,-1.0699581095540793,2.787454568471908,73.39708979172133,3195
0,-1.0553519233222346,2.7876298918447784,73.39708979172133,3200
0,-1.0419970555003601,2.7891213643376926,73.39818262987693,3205
0,-1.0351933955220715,2.7899578950408665,73.39784973541475,3210
0,-0.9716004102657507,2.7935387388300214,73.39801589798964,3215
0,-0.9733951207110749,2.7947563710739862,73.39784973541475,3220
0,-0.9564619180414411,2.7961379729871445,73.39659130083475,3225
0,-0.9495928840707393,2.7975140704707595,73.40003541596674,3230
0,-0.9703334556355116,2.7969871983303274,73.3998698248101,3235
0,-0.9368346731149018,2.7980000576482222,73.40096266615293,3240
0,-0.9324272599127994,2.7991187711278362,73.39877698347611,3245
0,-0.9308756116820973,2.7998100084510273,73.39894257568632,3250
0,-0.9275955822984088,2.7997924016312172,73.39751911819701,3255
0,-0.9204340173996002,2.799270961387871,73.40205550750464,3260
0,-0.9191284220822808,2.8006711215025457,73.40079764535963,3265
0,-0.9267137591935466,2.8006418989490496,73.39970480296323,3270
0,-0.9192695717663923,2.800612532978462,73.40079764535963,3275
0,-0.8966018666981199,2.80130370584125,73.40298333017901,3280
0,-0.8987921176655504,2.8031438355953493,73.39970480296323,3285
0,-0.8831016266050256,2.8030850767235877,73.40298333017901,3290
0,-0.8810156716753568,2.803700475132379,73.40079764535963,3295
0,-0.8847278084818981,2.803682926666058,73.40079764535963,3300
0,-0.8818642228239923,2.8044038810167806,73.40079764535963,3305
0,-0.9160581618443189,2.801315611174754,73.40189048776489,3310
0,-0.9699815090759785,2.8004489708727056,73.40407617260202,3315
0,-0.8948353548029218,2.7985385123660724,73.40314834886521,3320
0,-0.8609578283637802,2.803131750616519,73.39970480296323,3325
0,-0.8753223462207984,2.8045620920138594,73.4017260373336,3330
0,-0.9378217961362338,2.799786642508754,73.40189048776489,3335
0,-0.8957539610999561,2.801907250569129,73.40189048776489,3340
0,-0.8715022829182999,2.8041810323790956,73.40298333017901,3345
0,-0.8738014853689151,2.8049782938653025,73.40063319387477,3350
0,-0.8820763548018249,2.8045387087654605,73.40189048776489,3355
0,-0.860037570053862,2.805540970833002,73.4028188808013,3360
0,-0.8527801553388485,2.806320695091434,73.4028188808013,3365
0,-0.8701933842190783,2.8052889718302616,73.4028188808013,3370
0,-0.8724927420549875,2.805077942834068,73.4028188808013,3375
0,-0.987957791473832,2.7995469363558443,73.40407617260202,3380
0,-1.076679554038492,2.7897827760195444,73.40549961750184,3385
0,-1.0076737974646903,2.790607083270362,73.40238725491485,3390
0,-1.114514088073463,2.7825787761880804,73.4036468207879,3395
0,-1.1561095097122802,2.7842977648865803,73.4036468207879,3400
0,-1.193406411917124,2.7787754792292736,73.40490695387649,3405
0,-1.212427618709114,2.773630715279714,73.40524325158282,3410
0,-1.3074267783636628,2.768379375638785,73.40322658643151,3415
0,-1.3205304774485284,2.766157166631096,73.40448899361908,3420
0,-1.3032759965469154,2.767469323741535,73.40121049484887,3425
0,-1.313340101938138,2.767107779420437,73.40448899361908,3430
0,-1.3169701933277906,2.76681034816527,73.40339616068681,3435
0,-1.2972211740040506,2.767375938620258,73.40322658643151,3440
0,-1.298363085730216,2.766985149999348,73.40322658643151,3445
0,-1.3106084405593492,2.7661629046731097,73.40448899361908,3450
0,-1.3178689677394004,2.7655448039120216,73.40448899361908,3455
0,-1.3559247762352697,2.7640291166855313,73.40448899361908,3460
0,-1.3636166111227794,2.7630147754940477,73.40138064053161,3465
0,-1.3659959754359647,2.762006352258679,73.40247347239263,3470
0,-1.40860244954672,2.759133725980553,73.40465913614127,3475
0,-1.414484879691372,2.757683119209507,73.40281546961769,3480
0,-1.4187493807681903,2.757630731181372,73.40264418634363,3485
0,-1.3878103863803517,2.758113958306289,73.40373701716001,3490
0,-1.3960403865071384,2.759331711026591,73.40247347239263,3495
0,-1.3814719286691001,2.759628740355267,73.40482984798525,3500
0,-1.3793012176371917,2.759669507732341,73.40264418634363,3505
0,-1.3909443983069422,2.7601474419007856,73.40138064053161,3510
0,-1.3883614583010626,2.759990082847296,73.40592267881936,3515
0,-1.4241818160599564,2.7580152649648455,73.40264418634363,3520
0,-1.4237005227528243,2.7568793474667194,73.40465913614127,3525
0,-1.4228410405735871,2.756867689614644,73.40373701716001,3530
0,-1.4259349973585244,2.756698803209545,73.40373701716001,3535
0,-1.4250756146549861,2.756564830561266,73.40482984798525,3540
0,-1.4274474180069773,2.7565299066249746,73.40718678872237,3545
0,-1.4342518450075658,2.7564891995807077,73.40701550966234,3550
0,-1.4296470910926473,2.7561105759794233,73.40390829938054,3555
0,-1.4283410654265935,2.756162981174794,73.40390829938054,3560
0,-1.4301282361716403,2.756273658428198,73.40373701716001,3565
0,-1.43102175950429,2.7561571822895154,73.40390829938054,3570
0,-1.4305750030075614,2.756163001683695,73.40172263986368,3575
0,-1.4272068135566655,2.756360995802984,73.40482984798525,3580
0,-1.4313997761569794,2.756227076363746,73.40373701716001,3585
0,-1.4317777854076894,2.7559941143193573,73.4050011291523,3590
0,-1.4318121495180094,2.7560174105758044,73.40373701716001,3595
0,-1.4322932406392965,2.7560523599853015,73.4050011291523,3600
0,-1.4317090570035588,2.7560232339688424,73.40482984798525,3605
0,-1.4327743197716245,2.755994123391339,73.40373701716001,3610
0,-1.4331179403832834,2.755970830730195,73.40482984798525,3615
0,-1.4321557872566472,2.7560698304409063,73.40281546961769,3620
0,-1.4259006227848658,2.756110539996721,73.40155135553611,3625
0,-1.4317777854076894,2.756541595891226,73.4050011291523,3630
0,-1.3917364306882973,2.758271291495232,73.40373701716001,3635
0,-1.3928039011926216,2.75899956829072,73.40592267881936,3640
0,-1.3831600907861343,2.7588538176612425,73.40373701716001,3645
0,-1.3753381792601544,2.759745221173982,73.40373701716001,3650
0,-1.406400377265129,2.759471651027548,73.40465913614127,3655
0,-1.4091185239092283,2.7586559718571606,73.40575196802891,3660
0,-1.3677544476179832,2.7586555805097785,73.40356630426252,3665
0,-1.3469183324274354,2.7632011670491154,73.40592267881936,3670
0,-1.3508526980579631,2.761738090918966,73.40465913614127,3675
0,-1.3577876541413047,2.761825585497241,73.40482984798525,3680
0,-1.3926317325220907,2.760479623388411,73.40575196802891,3685
0,-1.398209216687576,2.7593725198029863,73.40793763183077,3690
0,-1.39073777582081,2.7589937223119616,73.40575196802891,3695
0,-1.376716719640683,2.759541292888033,73.40701550966234,3700
0,-1.3863637477579686,2.7600017183579823,73.40592267881936,3705
0,-1.3895668733008506,2.7597337018995316,73.40465913614127,3710
0,-1.3953173889739787,2.759448239191629,73.40465913614127,3715
0,-1.3931138009309052,2.759232631175745,73.40482984798525,3720
0,-1.3851925799645528,2.7596112944791966,73.40356630426252,3725
0,-1.397383024391786,2.759384164887548,73.40592267881936,3730
0,-1.3985878763420487,2.7590462344041815,73.40592267881936,3735
0,-1.3851925799645528,2.7595180647979256,73.40373701716001,3740
0,-1.3945599339491536,2.7596579980185063,73.40247347239263,3745
0,-1.331345568139227,2.7604265960503094,73.40575196802891,3750
0,-1.3981747927143715,2.759885287130796,73.40684479992542,3755
0,-1.3774404139475677,2.7595005110518333,73.40356630426252,3760
0,-1.361271443507178,2.7597334344868964,73.40465913614127,3765
0,-1.3738216711701625,2.760566858559664,73.40138064053161,3770
0,-1.4085336385894606,2.7597630164496953,73.40575196802891,3775
0,-1.3984501827814028,2.7586500443523856,73.40356630426252,3780
0,-1.33075832253229,2.7626472115166125,73.40247347239263,3785
0,-1.3898079472711515,2.7606544254396636,73.40356630426252,3790
0,-1.3439842925402558,2.7592030339780904,73.40465913614127,3795
0,-1.3254723085101432,2.763340877817863,73.40356630426252,3800
0,-1.3301710590711763,2.7636907196144222,73.40356630426252,3805
0,-1.3399104158161208,2.764011474052386,73.40448899361908,3810
0,-1.3192516159538172,2.764675967118366,73.40339616068681,3815
0,-1.358339583458985,2.7645655515592113,73.40339616068681,3820
0,-1.383745745201736,2.7622629911059273,73.40448899361908,3825
0,-1.352578044203824,2.761062023927466,73.40138064053161,3830
0,-1.3632372650804995,2.76296813554592,73.40138064053161,3835
0,-1.3850203434153627,2.7613653956996957,73.40575196802891,3840
0,-1.3489891510848224,2.7603743146417967,73.40356630426252,3845
0,-1.4014792143095178,2.7599552428512237,73.40247347239263,3850
0,-1.41231787709836,2.758487044342644,73.40028780867945,3855
0,-1.4096689880250892,2.7582831119571853,73.40138064053161,3860
0,-1.3959026747784264,2.758422803459008,73.40045852473746,3865
0,-1.4003433831720713,2.758539365569625,73.40045852473746,3870
0,-1.394869805505266,2.7590578506982526,73.40028780867945,3875
0,-1.388843633331021,2.7598735435755772,73.40247347239263,3880
0,-1.3948009455892247,2.759337525703616,73.40138064053161,3885
0,-1.3995517037729996,2.7588597985396914,73.40264418634363,3890
0,-1.397383024391786,2.7588772564093515,73.40045852473746,3895
0,-1.3947665155391178,2.7593841390083384,73.40155135553611,3900
0,-1.3931138009309052,2.759500658055215,73.39936569394767,3905
0,-1.3870870806165953,2.7595355620312283,73.39936569394767,3910
0,-1.3748556668768401,2.7602288726819997,73.40138064053161,3915
0,-1.3821609922570701,2.7607184576829833,73.40138064053161,3920
0,-1.3799214456889217,2.7609573783343895,73.40028780867945,3925
0,-1.3758551434353307,2.7607533641928383,73.39936569394767,3930
0,-1.3761653152976123,2.7607184004671152,73.39936569394767,3935
0,-1.3763720937713515,2.761178809888139,73.39919497683615,3940
0,-1.363926979615087,2.76147010409813,73.39919497683615,3945
0,-1.365478747261193,2.7614759471268786,73.39919497683615,3950
0,-1.3742697427739472,2.7613711214451513,73.40247347239263,3955
0,-1.3712019675670603,2.760945639379656,73.39793199615845,3960
0,-1.3828500312573623,2.7605960816091732,73.39919497683615,3965
0,-1.385295921156569,2.760246452370152,73.39700931317615,3970
0,-1.3806794751442908,2.760730097767582,73.39591648135946,3975
0,-1.3770613393597273,2.760782513981416,73.39700931317615,3980
0,-1.3820576342863546,2.7607592497134754,73.39591648135946,3985
0,-1.3771647240762377,2.7607184093381303,73.39718003239471,3990
0,-1.371719042480322,2.760310425095301,73.39499437087721,3995
0,-1.3630648325980132,2.7608115201974805,73.39482364955164,4000
0,-1.3841935865937102,2.760899137143553,73.39154515418136,4005
0,-1.380748385437471,2.7603163375581454,73.39373081775268,4010
0,-1.3745110077928757,2.7617266543747125,73.39263798596258,4015
0,-1.3609265418962763,2.761231115403943,73.39263798596258,4020
0,-1.37857759306479,2.7611263761262936,73.39280870939517,4025
0,-1.3755449665910077,2.7604794578660554,73.39062304794861,4030
0,-1.3791289285318271,2.7607417371727622,73.3902821661911,4035
0,-1.3854337085523411,2.760549482536096,73.39045232240899,4040
0,-1.36661663096055,2.7609281093819686,73.38717382714509,4045
0,-1.378336378847962,2.7613420151641885,73.38953021723861,4050
0,-1.3738216711701625,2.760444475583801,73.38826665889087,4055
0,-1.3753037144897462,2.7609048807105516,73.39045232240899,4060
0,-1.3746833381037504,2.76070672858538,73.39045232240899,4065
0,-1.3791978443584298,2.760648493669822,73.3893594906455,4070
0,-1.3657201221333252,2.7611670506641923,73.39062304794861,4075
0,-1.3388400175294918,2.7640464423553577,73.39045232240899,4080
0,-1.332520005795061,2.764606118969868,73.3893594906455,4085
0,-1.3298256016357186,2.7648568221917124,73.38809650056595,4090
0,-1.322742362332633,2.765171635858431,73.38700366776665,4095
0,-1.3286510001393026,2.7653816198966043,73.38700366776665,4100
0,-1.3234680818765696,2.765754790925419,73.38700366776665,4105
0,-1.3269580664447175,2.765492401343188,73.38591083497624,4110
0,-1.325506862318207,2.7654340731143634,73.38717382714509,4115
0,-1.3253340926597161,2.76555070181924,73.38809650056595,4120
0,-1.3219474953569374,2.765795598319675,73.38591083497624,4125
0,-1.3156910961019434,2.766028812702404,73.38700366776665,4130
0,-1.3145156347850957,2.7660521304626146,73.39137499901697,4135
0,-1.3161405182919452,2.7662096090795227,73.38792691156133,4140
0,-1.3278218266646604,2.7661513999134057,73.3902821661911,4145
0,-1.3372170424576666,2.7642971371521323,73.3902821661911,4150
0,-1.3272344739175423,2.765679014746248,73.38700366776665,4155
0,-1.29870910626164,2.767731769323986,73.38918933337409,4160
0,-1.2463897012139,2.7700591076201672,73.39011257929354,4165
0,-1.2376097298999866,2.77231170583779,73.38775789187578,4170
0,-1.2148256741927525,2.7736307334143837,73.38775789187578,4175
0,-1.1767692518749868,2.7755337636195256,73.38977511345423,4180
0,-1.1889874751281581,2.7780978031964527,73.39086794944069,4185
0,-1.14833461653933,2.778447907735357,73.39305362144019,4190
0,-1.1068622380145711,2.7844376017290093,73.38742156045641,4195
0,-1.5816065220049608,2.7429132225631982,23.905866685778605,4200
0,-3.6233289160365984,0.0001189370696104915,-0.13326550315941835,4205
0,-4.839324156183579,0.00011909299006314959,0.21610263880847263,4210
0,-5.196608137043711,0.0001191388177894751,1.6264037422085353,4215
0,-6.092693126907022,0.00012224994974445493,1.0547297626210501,4220
0,-7.326246984106604,0.00011941188161305217,1.2017872821446922,4225
0,-7.8253940748567174,0.00011947589019176125,1.7176415144549426,4230
0,-8.259224219372583,0.00011953151972376945,1.8824712336768583,4235
0,-9.06587396344463,0.00012263122566017457,2.113087644665957,4240
0,-8.221477955904902,0.0001225229371240818,1.4887475026368128,4245
0,-0.5545157597779848,0.00012753215739967868,0.2330752859262632,4250
0,4.497335407666355,0.00011789585189752491,-0.7806022514415025,4255
0,2.8004345310315557,0.0001181134266899308,-0.14877639393510422,4260
0,2.044143528031384,0.00011821039505464115,-0.15273589087022563,4265
0,3.0373247363371547,0.00011808305364805792,-0.1565186594067496,4270
0,3.0639033815965604,0.00011508350313457152,-0.15569458337088152,4275
0,3.408219794038473,0.00011803549931625143,-0.1561230425213368,4280
0,3.4021042028156216,0.00011803628344821885,-0.15414683912936985,4285
0,3.663759130575272,0.00011800273542549294,-0.15287422175060333,4290
0,3.8960014236575944,0.0001149768242952725,-0.14922423099998266,4295
0,3.983003252513811,0.0001179618036837935,-0.15229538934900585,4300
0,4.146780734274955,0.00011794080502681345,-0.15500515576345025,4305
0,4.876498537031182,0.00011784724509364077,-0.145865991869264,4310
0,5.099943523918398,0.00011781859639234443,-0.14722282865501285,4315
0,5.485918852151485,0.00011776910926086434,-0.1421514656787904,4320
0,5.781797848543022,0.00011773117368260221,-0.14452328251283417,4325
0,6.2319856931896425,0.00011767345390430633,-0.14060938174210355,4330
0,6.748519414969223,0.00011760722791094863,-0.1399157298888505,4335
0,7.24030958863591,0.00011754417465127238,-0.13042578469347055,4340
0,7.688973974506382,0.00011748665067312822,-0.1328955070516605,4345
0,8.196607743176571,0.00011742156635391952,-0.134344847231309,4350
0,8.137014532746832,0.00011742920684484955,-0.1353556888660586,4355
0,8.358536450052895,0.00011740080532821876,-0.13499747504291037,4360
0,8.631076564412637,0.000117365862782296,-0.13438313018371167,4365
0,8.675093149884674,0.00011736021936165216,-0.1370370786034705,4370
0,8.838973254881807,0.00012033529698656023,-0.13847534445897178,4375
0,8.865376292418034,0.00011733582308073809,-0.1365180889425013,4380
0,9.003246856980752,0.0001173181466258116,-0.13892844776611965,4385
0,9.041030695354607,0.00011731330233738762,-0.14013277727980608,4390
0,9.428558371476526,0.00011726361738769379,-0.14035478146824967,4395
0,9.658650630579018,0.00011723411733626498,-0.13751452026518335,4400
0,9.78024815312807,0.00011721852735370294,-0.1380481891133498,4405
0,9.863046496880201,0.00011720791180905451,-0.1384648879364634,4410
0,9.91974666919117,0.00011720064228178146,-0.14075262555184556,4415
0,9.932563730499453,0.00011719899903497195,-0.1387714409605841,4420
0,10.147138638880449,0.00011717148849250272,-0.14095642977542944,4425
0,10.259127478435687,0.00011715713050931986,-0.13897296628552655,4430
0,10.217868995144442,0.00011716242021278694,-0.14026471556271003,4435
0,10.250486586560782,0.00011715823832313395,-0.14145598861323266,4440
0,10.327827726214025,0.00011714832247862214,-0.14145598861323266,4445
0,10.375203788767862,0.0001171422484216134,-0.14264669509755873,4450
0,10.392096937645305,0.00011714008257728535,-0.14165183148778732,4455
0,10.31309140020403,0.00011715021180849177,-0.14165183148778732,4460
0,10.385139261124436,0.00011714097461470362,-0.14165183148778732,4465
0,10.501990679965558,0.00011712599321612027,-0.14065639710017502,4470
0,10.561980708830276,0.00011711830192933593,-0.14303383576917175,4475
0,10.219779001053041,0.00011716217527667397,-0.14521884560219311,4480
0,10.306345921902675,0.00011715107660160005,-0.14512291131716115,4485
0,9.502688652963684,0.0001142580354748601,-0.14929934368489744,4490
0,9.008009594620261,0.00011731753577510065,-0.15843633901683754,4495
0,9.751979689605605,0.00011722215140877725,-0.1589104890422967,4500
0,9.743308034355777,0.00011722326318605658,-0.1600029769644271,4505
0,9.797988506145998,0.00011721625265967889,-0.1568299901252429,4510
0,8.939579096003001,0.00011732630925283923,-0.15979231069737132,4515
0,9.322462756016932,0.00011727721963841011,-0.16373408028864786,4520
0,10.948268139437914,0.00011706877632486324,-0.1571791907617843,4525
0,11.367737858368173,0.00011701499684854761,-0.14918256692313556,4530
